filename,prompt,negative_prompt
01-orea-v4-narrow-front-logo.webp,"Create exactly ONE image. Do not create a collage. Do not create a grid. Do not show multiple variations. One single product photograph only. Hyperrealistic premium studio product photography, seamless infinite pure white background, mobile app asset, exact size 1200 x 1600 pixels, vertical portrait format, WebP or optimized JPG output, sharp focus, soft diffused studio lighting, subtle realistic contact shadow, realistic materials, clean edges, no table, no kitchen, no lifestyle background, no hands unless explicitly requested, no watermark. Matte black Orea V4 Narrow style coffee dripper, front view, narrow conical pour-over brewer, slightly flared top rim, dark interior, modular lower section, thin wavy stainless steel support base visible beneath it. Add the Zeri’s Coffee Roaster circular logo in white as a subtle screen-printed mark on the front surface of the black brewer, following the curvature of the material, realistic serigraphy, not a sticker.","collage, grid, multiple images in one frame, contact sheet, variations sheet, six images, multiple products unless explicitly requested, flat vector, cartoon, illustration, infographic, app mockup, CGI render look, plastic toy, fake product, distorted geometry, wrong proportions, extra objects, kitchen background, wooden table, marble surface, grey background, colored background, strong shadow, dirty surface, text overlay, watermark, blurry, low resolution, duplicated object, deformed circles, unreadable typography, misspelled logo"
02-orea-v4-narrow-three-quarter-logo.webp,"Create exactly ONE image. Do not create a collage. Do not create a grid. Do not show multiple variations. One single product photograph only. Hyperrealistic premium studio product photography, seamless infinite pure white background, mobile app asset, exact size 1200 x 1600 pixels, vertical portrait format, WebP or optimized JPG output, sharp focus, soft diffused studio lighting, subtle realistic contact shadow, realistic materials, clean edges, no table, no kitchen, no lifestyle background, no hands unless explicitly requested, no watermark. Matte black Orea V4 Narrow style coffee dripper, three-quarter angle view, narrow conical body, slightly flared upper rim, dark interior, modular bottom section, thin wavy stainless steel support base visible. Add a small white Zeri’s Coffee Roaster circular logo as realistic screen printing on the visible front side of the brewer, subtle and integrated into the matte texture.","collage, grid, multiple images in one frame, contact sheet, variations sheet, six images, multiple products unless explicitly requested, flat vector, cartoon, illustration, infographic, app mockup, CGI render look, plastic toy, fake product, distorted geometry, wrong proportions, extra objects, kitchen background, wooden table, marble surface, grey background, colored background, strong shadow, dirty surface, text overlay, watermark, blurry, low resolution, duplicated object, deformed circles, unreadable typography, misspelled logo"
03-orea-v4-narrow-top-view.webp,"Create exactly ONE image. Do not create a collage. Do not create a grid. Do not show multiple variations. One single product photograph only. Hyperrealistic premium studio product photography, seamless infinite pure white background, mobile app asset, exact size 1200 x 1600 pixels, vertical portrait format, WebP or optimized JPG output, sharp focus, soft diffused studio lighting, subtle realistic contact shadow, realistic materials, clean edges, no table, no kitchen, no lifestyle background, no hands unless explicitly requested, no watermark. Top-down view of an Orea V4 Narrow style matte black coffee dripper, circular upper rim, narrow conical interior visible, modular bottom detail visible through the center, thin wavy stainless steel support base partly visible around the brewer. No logo visible from this angle.","collage, grid, multiple images in one frame, contact sheet, variations sheet, six images, multiple products unless explicitly requested, flat vector, cartoon, illustration, infographic, app mockup, CGI render look, plastic toy, fake product, distorted geometry, wrong proportions, extra objects, kitchen background, wooden table, marble surface, grey background, colored background, strong shadow, dirty surface, text overlay, watermark, blurry, low resolution, duplicated object, deformed circles, unreadable typography, misspelled logo"
04-orea-v4-narrow-tilted-logo.webp,"Create exactly ONE image. Do not create a collage. Do not create a grid. Do not show multiple variations. One single product photograph only. Hyperrealistic premium studio product photography, seamless infinite pure white background, mobile app asset, exact size 1200 x 1600 pixels, vertical portrait format, WebP or optimized JPG output, sharp focus, soft diffused studio lighting, subtle realistic contact shadow, realistic materials, clean edges, no table, no kitchen, no lifestyle background, no hands unless explicitly requested, no watermark. Orea V4 Narrow style matte black coffee brewer slightly tilted to reveal its narrow conical interior and modular bottom structure, thin wavy stainless steel support base visible. Add the Zeri’s Coffee Roaster circular logo in white as subtle realistic serigraphy on the visible black front surface, following the curvature of the brewer.","collage, grid, multiple images in one frame, contact sheet, variations sheet, six images, multiple products unless explicitly requested, flat vector, cartoon, illustration, infographic, app mockup, CGI render look, plastic toy, fake product, distorted geometry, wrong proportions, extra objects, kitchen background, wooden table, marble surface, grey background, colored background, strong shadow, dirty surface, text overlay, watermark, blurry, low resolution, duplicated object, deformed circles, unreadable typography, misspelled logo"
05-orea-v4-narrow-steel-base-logo.webp,"Create exactly ONE image. Do not create a collage. Do not create a grid. Do not show multiple variations. One single product photograph only. Hyperrealistic premium studio product photography, seamless infinite pure white background, mobile app asset, exact size 1200 x 1600 pixels, vertical portrait format, WebP or optimized JPG output, sharp focus, soft diffused studio lighting, subtle realistic contact shadow, realistic materials, clean edges, no table, no kitchen, no lifestyle background, no hands unless explicitly requested, no watermark. Orea V4 Narrow style matte black coffee dripper with a thin wavy stainless steel support base clearly visible beneath it, front three-quarter angle, narrow conical brewer body, compact modular bottom. Add a small white Zeri’s Coffee Roaster circular logo as screen-printed branding on the black brewer surface, realistic and subtle.","collage, grid, multiple images in one frame, contact sheet, variations sheet, six images, multiple products unless explicitly requested, flat vector, cartoon, illustration, infographic, app mockup, CGI render look, plastic toy, fake product, distorted geometry, wrong proportions, extra objects, kitchen background, wooden table, marble surface, grey background, colored background, strong shadow, dirty surface, text overlay, watermark, blurry, low resolution, duplicated object, deformed circles, unreadable typography, misspelled logo"
06-orea-v4-narrow-white-filter-logo.webp,"Create exactly ONE image. Do not create a collage. Do not create a grid. Do not show multiple variations. One single product photograph only. Hyperrealistic premium studio product photography, seamless infinite pure white background, mobile app asset, exact size 1200 x 1600 pixels, vertical portrait format, WebP or optimized JPG output, sharp focus, soft diffused studio lighting, subtle realistic contact shadow, realistic materials, clean edges, no table, no kitchen, no lifestyle background, no hands unless explicitly requested, no watermark. Orea V4 Narrow style matte black coffee dripper with a clean white paper filter placed inside, filter neatly fitted to the narrow conical shape, thin wavy stainless steel support base visible. Add a small white Zeri’s Coffee Roaster circular logo printed on the front of the brewer, subtle serigraphy integrated into the matte black surface.","collage, grid, multiple images in one frame, contact sheet, variations sheet, six images, multiple products unless explicitly requested, flat vector, cartoon, illustration, infographic, app mockup, CGI render look, plastic toy, fake product, distorted geometry, wrong proportions, extra objects, kitchen background, wooden table, marble surface, grey background, colored background, strong shadow, dirty surface, text overlay, watermark, blurry, low resolution, duplicated object, deformed circles, unreadable typography, misspelled logo"
07-orea-v4-narrow-wave-filter-logo.webp,"Create exactly ONE image. Do not create a collage. Do not create a grid. Do not show multiple variations. One single product photograph only. Hyperrealistic premium studio product photography, seamless infinite pure white background, mobile app asset, exact size 1200 x 1600 pixels, vertical portrait format, WebP or optimized JPG output, sharp focus, soft diffused studio lighting, subtle realistic contact shadow, realistic materials, clean edges, no table, no kitchen, no lifestyle background, no hands unless explicitly requested, no watermark. Orea V4 Narrow style matte black coffee dripper with a white wave paper filter inside, visible pleated filter walls, narrow conical brewer geometry, compact black body, thin wavy stainless steel base visible. Add a small white Zeri’s Coffee Roaster circular logo as realistic screen printing on the front of the brewer.","collage, grid, multiple images in one frame, contact sheet, variations sheet, six images, multiple products unless explicitly requested, flat vector, cartoon, illustration, infographic, app mockup, CGI render look, plastic toy, fake product, distorted geometry, wrong proportions, extra objects, kitchen background, wooden table, marble surface, grey background, colored background, strong shadow, dirty surface, text overlay, watermark, blurry, low resolution, duplicated object, deformed circles, unreadable typography, misspelled logo"
08-orea-v4-narrow-ground-coffee-logo.webp,"Create exactly ONE image. Do not create a collage. Do not create a grid. Do not show multiple variations. One single product photograph only. Hyperrealistic premium studio product photography, seamless infinite pure white background, mobile app asset, exact size 1200 x 1600 pixels, vertical portrait format, WebP or optimized JPG output, sharp focus, soft diffused studio lighting, subtle realistic contact shadow, realistic materials, clean edges, no table, no kitchen, no lifestyle background, no hands unless explicitly requested, no watermark. Orea V4 Narrow style matte black coffee dripper with a white paper filter and an even bed of medium-ground specialty coffee inside. The coffee bed is flat, clean and realistic. Add a small white Zeri’s Coffee Roaster circular logo as subtle screen printing on the black front surface of the brewer.","collage, grid, multiple images in one frame, contact sheet, variations sheet, six images, multiple products unless explicitly requested, flat vector, cartoon, illustration, infographic, app mockup, CGI render look, plastic toy, fake product, distorted geometry, wrong proportions, extra objects, kitchen background, wooden table, marble surface, grey background, colored background, strong shadow, dirty surface, text overlay, watermark, blurry, low resolution, duplicated object, deformed circles, unreadable typography, misspelled logo"
09-orea-v4-narrow-on-glass-server-logo.webp,"Create exactly ONE image. Do not create a collage. Do not create a grid. Do not show multiple variations. One single product photograph only. Hyperrealistic premium studio product photography, seamless infinite pure white background, mobile app asset, exact size 1200 x 1600 pixels, vertical portrait format, WebP or optimized JPG output, sharp focus, soft diffused studio lighting, subtle realistic contact shadow, realistic materials, clean edges, no table, no kitchen, no lifestyle background, no hands unless explicitly requested, no watermark. Orea V4 Narrow style matte black coffee dripper placed on a clear glass coffee server, thin wavy stainless steel support base visible between brewer and server. Add a small white Zeri’s Coffee Roaster circular logo printed on the black brewer surface. Transparent glass with realistic reflections.","collage, grid, multiple images in one frame, contact sheet, variations sheet, six images, multiple products unless explicitly requested, flat vector, cartoon, illustration, infographic, app mockup, CGI render look, plastic toy, fake product, distorted geometry, wrong proportions, extra objects, kitchen background, wooden table, marble surface, grey background, colored background, strong shadow, dirty surface, text overlay, watermark, blurry, low resolution, duplicated object, deformed circles, unreadable typography, misspelled logo"
10-orea-v4-narrow-modular-parts-logo.webp,"Create exactly ONE image. Do not create a collage. Do not create a grid. Do not show multiple variations. One single product photograph only. Hyperrealistic premium studio product photography, seamless infinite pure white background, mobile app asset, exact size 1200 x 1600 pixels, vertical portrait format, WebP or optimized JPG output, sharp focus, soft diffused studio lighting, subtle realistic contact shadow, realistic materials, clean edges, no table, no kitchen, no lifestyle background, no hands unless explicitly requested, no watermark. Orea V4 Narrow style modular coffee brewer disassembled into clean components: matte black narrow conical dripper body with white Zeri’s Coffee Roaster circular logo printed on it, thin wavy stainless steel support base, and interchangeable black bottom insert pieces arranged neatly around it. One clean product composition, not a collage.","collage, grid, multiple images in one frame, contact sheet, variations sheet, six images, multiple products unless explicitly requested, flat vector, cartoon, illustration, infographic, app mockup, CGI render look, plastic toy, fake product, distorted geometry, wrong proportions, extra objects, kitchen background, wooden table, marble surface, grey background, colored background, strong shadow, dirty surface, text overlay, watermark, blurry, low resolution, duplicated object, deformed circles, unreadable typography, misspelled logo"
11-orea-v4-base-classic.webp,"Create exactly ONE image. Do not create a collage. Do not create a grid. Do not show multiple variations. One single product photograph only. Hyperrealistic premium studio product photography, seamless infinite pure white background, mobile app asset, exact size 1200 x 1600 pixels, vertical portrait format, WebP or optimized JPG output, sharp focus, soft diffused studio lighting, subtle realistic contact shadow, realistic materials, clean edges, no table, no kitchen, no lifestyle background, no hands unless explicitly requested, no watermark. Single matte black circular coffee brewer bottom insert inspired by the Orea V4 Classic base, flat modular part with subtle drainage pattern. No logo, no text.","collage, grid, multiple images in one frame, contact sheet, variations sheet, six images, multiple products unless explicitly requested, flat vector, cartoon, illustration, infographic, app mockup, CGI render look, plastic toy, fake product, distorted geometry, wrong proportions, extra objects, kitchen background, wooden table, marble surface, grey background, colored background, strong shadow, dirty surface, text overlay, watermark, blurry, low resolution, duplicated object, deformed circles, unreadable typography, misspelled logo"
12-orea-v4-base-open.webp,"Create exactly ONE image. Do not create a collage. Do not create a grid. Do not show multiple variations. One single product photograph only. Hyperrealistic premium studio product photography, seamless infinite pure white background, mobile app asset, exact size 1200 x 1600 pixels, vertical portrait format, WebP or optimized JPG output, sharp focus, soft diffused studio lighting, subtle realistic contact shadow, realistic materials, clean edges, no table, no kitchen, no lifestyle background, no hands unless explicitly requested, no watermark. Single matte black circular coffee brewer bottom insert inspired by the Orea V4 Open base, modular part with a more open central drainage area. No logo, no text.","collage, grid, multiple images in one frame, contact sheet, variations sheet, six images, multiple products unless explicitly requested, flat vector, cartoon, illustration, infographic, app mockup, CGI render look, plastic toy, fake product, distorted geometry, wrong proportions, extra objects, kitchen background, wooden table, marble surface, grey background, colored background, strong shadow, dirty surface, text overlay, watermark, blurry, low resolution, duplicated object, deformed circles, unreadable typography, misspelled logo"
13-orea-v4-base-fast.webp,"Create exactly ONE image. Do not create a collage. Do not create a grid. Do not show multiple variations. One single product photograph only. Hyperrealistic premium studio product photography, seamless infinite pure white background, mobile app asset, exact size 1200 x 1600 pixels, vertical portrait format, WebP or optimized JPG output, sharp focus, soft diffused studio lighting, subtle realistic contact shadow, realistic materials, clean edges, no table, no kitchen, no lifestyle background, no hands unless explicitly requested, no watermark. Single matte black circular coffee brewer bottom insert inspired by a fast-flow modular base, visible multiple small drainage holes, clean technical design. No logo, no text.","collage, grid, multiple images in one frame, contact sheet, variations sheet, six images, multiple products unless explicitly requested, flat vector, cartoon, illustration, infographic, app mockup, CGI render look, plastic toy, fake product, distorted geometry, wrong proportions, extra objects, kitchen background, wooden table, marble surface, grey background, colored background, strong shadow, dirty surface, text overlay, watermark, blurry, low resolution, duplicated object, deformed circles, unreadable typography, misspelled logo"
14-orea-v4-base-apex.webp,"Create exactly ONE image. Do not create a collage. Do not create a grid. Do not show multiple variations. One single product photograph only. Hyperrealistic premium studio product photography, seamless infinite pure white background, mobile app asset, exact size 1200 x 1600 pixels, vertical portrait format, WebP or optimized JPG output, sharp focus, soft diffused studio lighting, subtle realistic contact shadow, realistic materials, clean edges, no table, no kitchen, no lifestyle background, no hands unless explicitly requested, no watermark. Single matte black circular coffee brewer bottom insert inspired by an apex cone-style modular base, subtle raised conical center, clean technical geometry. No logo, no text.","collage, grid, multiple images in one frame, contact sheet, variations sheet, six images, multiple products unless explicitly requested, flat vector, cartoon, illustration, infographic, app mockup, CGI render look, plastic toy, fake product, distorted geometry, wrong proportions, extra objects, kitchen background, wooden table, marble surface, grey background, colored background, strong shadow, dirty surface, text overlay, watermark, blurry, low resolution, duplicated object, deformed circles, unreadable typography, misspelled logo"
15-orea-v4-stainless-steel-support-base.webp,"Create exactly ONE image. Do not create a collage. Do not create a grid. Do not show multiple variations. One single product photograph only. Hyperrealistic premium studio product photography, seamless infinite pure white background, mobile app asset, exact size 1200 x 1600 pixels, vertical portrait format, WebP or optimized JPG output, sharp focus, soft diffused studio lighting, subtle realistic contact shadow, realistic materials, clean edges, no table, no kitchen, no lifestyle background, no hands unless explicitly requested, no watermark. Thin wavy stainless steel support base for an Orea V4 Narrow style coffee dripper, brushed metal surface, four-lobed organic shape, realistic metal reflections. No logo, no text.","collage, grid, multiple images in one frame, contact sheet, variations sheet, six images, multiple products unless explicitly requested, flat vector, cartoon, illustration, infographic, app mockup, CGI render look, plastic toy, fake product, distorted geometry, wrong proportions, extra objects, kitchen background, wooden table, marble surface, grey background, colored background, strong shadow, dirty surface, text overlay, watermark, blurry, low resolution, duplicated object, deformed circles, unreadable typography, misspelled logo"
16-orea-wave-filters-stack.webp,"Create exactly ONE image. Do not create a collage. Do not create a grid. Do not show multiple variations. One single product photograph only. Hyperrealistic premium studio product photography, seamless infinite pure white background, mobile app asset, exact size 1200 x 1600 pixels, vertical portrait format, WebP or optimized JPG output, sharp focus, soft diffused studio lighting, subtle realistic contact shadow, realistic materials, clean edges, no table, no kitchen, no lifestyle background, no hands unless explicitly requested, no watermark. Neat stack of white wave coffee paper filters, pleated sides clearly visible, subtle paper texture, clean edges. No logo, no text.","collage, grid, multiple images in one frame, contact sheet, variations sheet, six images, multiple products unless explicitly requested, flat vector, cartoon, illustration, infographic, app mockup, CGI render look, plastic toy, fake product, distorted geometry, wrong proportions, extra objects, kitchen background, wooden table, marble surface, grey background, colored background, strong shadow, dirty surface, text overlay, watermark, blurry, low resolution, duplicated object, deformed circles, unreadable typography, misspelled logo"
17-orea-wave-filter-open.webp,"Create exactly ONE image. Do not create a collage. Do not create a grid. Do not show multiple variations. One single product photograph only. Hyperrealistic premium studio product photography, seamless infinite pure white background, mobile app asset, exact size 1200 x 1600 pixels, vertical portrait format, WebP or optimized JPG output, sharp focus, soft diffused studio lighting, subtle realistic contact shadow, realistic materials, clean edges, no table, no kitchen, no lifestyle background, no hands unless explicitly requested, no watermark. Single white wave coffee paper filter opened upright, pleated walls visible, clean circular shape, delicate paper texture. No logo, no text.","collage, grid, multiple images in one frame, contact sheet, variations sheet, six images, multiple products unless explicitly requested, flat vector, cartoon, illustration, infographic, app mockup, CGI render look, plastic toy, fake product, distorted geometry, wrong proportions, extra objects, kitchen background, wooden table, marble surface, grey background, colored background, strong shadow, dirty surface, text overlay, watermark, blurry, low resolution, duplicated object, deformed circles, unreadable typography, misspelled logo"
18-orea-flat-filters-stack.webp,"Create exactly ONE image. Do not create a collage. Do not create a grid. Do not show multiple variations. One single product photograph only. Hyperrealistic premium studio product photography, seamless infinite pure white background, mobile app asset, exact size 1200 x 1600 pixels, vertical portrait format, WebP or optimized JPG output, sharp focus, soft diffused studio lighting, subtle realistic contact shadow, realistic materials, clean edges, no table, no kitchen, no lifestyle background, no hands unless explicitly requested, no watermark. Neat stack of flat circular white coffee paper filters, thin paper layers visible, subtle paper texture. No logo, no text.","collage, grid, multiple images in one frame, contact sheet, variations sheet, six images, multiple products unless explicitly requested, flat vector, cartoon, illustration, infographic, app mockup, CGI render look, plastic toy, fake product, distorted geometry, wrong proportions, extra objects, kitchen background, wooden table, marble surface, grey background, colored background, strong shadow, dirty surface, text overlay, watermark, blurry, low resolution, duplicated object, deformed circles, unreadable typography, misspelled logo"
19-orea-flat-filter-open.webp,"Create exactly ONE image. Do not create a collage. Do not create a grid. Do not show multiple variations. One single product photograph only. Hyperrealistic premium studio product photography, seamless infinite pure white background, mobile app asset, exact size 1200 x 1600 pixels, vertical portrait format, WebP or optimized JPG output, sharp focus, soft diffused studio lighting, subtle realistic contact shadow, realistic materials, clean edges, no table, no kitchen, no lifestyle background, no hands unless explicitly requested, no watermark. Single flat white circular coffee paper filter slightly opened into a cone shape, clean folded paper geometry, subtle paper fibers. No logo, no text.","collage, grid, multiple images in one frame, contact sheet, variations sheet, six images, multiple products unless explicitly requested, flat vector, cartoon, illustration, infographic, app mockup, CGI render look, plastic toy, fake product, distorted geometry, wrong proportions, extra objects, kitchen background, wooden table, marble surface, grey background, colored background, strong shadow, dirty surface, text overlay, watermark, blurry, low resolution, duplicated object, deformed circles, unreadable typography, misspelled logo"
20-orea-wet-filter-in-dripper-logo.webp,"Create exactly ONE image. Do not create a collage. Do not create a grid. Do not show multiple variations. One single product photograph only. Hyperrealistic premium studio product photography, seamless infinite pure white background, mobile app asset, exact size 1200 x 1600 pixels, vertical portrait format, WebP or optimized JPG output, sharp focus, soft diffused studio lighting, subtle realistic contact shadow, realistic materials, clean edges, no table, no kitchen, no lifestyle background, no hands unless explicitly requested, no watermark. White coffee paper filter fitted inside an Orea V4 Narrow style matte black coffee dripper, slightly wet and translucent, clean realistic texture. Add a small white Zeri’s Coffee Roaster circular logo printed on the visible front surface of the black brewer.","collage, grid, multiple images in one frame, contact sheet, variations sheet, six images, multiple products unless explicitly requested, flat vector, cartoon, illustration, infographic, app mockup, CGI render look, plastic toy, fake product, distorted geometry, wrong proportions, extra objects, kitchen background, wooden table, marble surface, grey background, colored background, strong shadow, dirty surface, text overlay, watermark, blurry, low resolution, duplicated object, deformed circles, unreadable typography, misspelled logo"
21-arabica-beans-isolated.webp,"Create exactly ONE image. Do not create a collage. Do not create a grid. Do not show multiple variations. One single product photograph only. Hyperrealistic premium studio product photography, seamless infinite pure white background, mobile app asset, exact size 1200 x 1600 pixels, vertical portrait format, WebP or optimized JPG output, sharp focus, soft diffused studio lighting, subtle realistic contact shadow, realistic materials, clean edges, no table, no kitchen, no lifestyle background, no hands unless explicitly requested, no watermark. Small group of roasted arabica coffee beans isolated on white. Each bean has an elegant oval shape and a curved S-shaped center crease, not a straight cut. Rich realistic roasted texture, slight natural oil sheen but not greasy. No logo, no text.","collage, grid, multiple images in one frame, contact sheet, variations sheet, six images, multiple products unless explicitly requested, flat vector, cartoon, illustration, infographic, app mockup, CGI render look, plastic toy, fake product, distorted geometry, wrong proportions, extra objects, kitchen background, wooden table, marble surface, grey background, colored background, strong shadow, dirty surface, text overlay, watermark, blurry, low resolution, duplicated object, deformed circles, unreadable typography, misspelled logo"
22-arabica-beans-small-pile.webp,"Create exactly ONE image. Do not create a collage. Do not create a grid. Do not show multiple variations. One single product photograph only. Hyperrealistic premium studio product photography, seamless infinite pure white background, mobile app asset, exact size 1200 x 1600 pixels, vertical portrait format, WebP or optimized JPG output, sharp focus, soft diffused studio lighting, subtle realistic contact shadow, realistic materials, clean edges, no table, no kitchen, no lifestyle background, no hands unless explicitly requested, no watermark. Small clean pile of roasted arabica coffee beans, all with curved S-shaped center creases, premium specialty coffee look, realistic brown tones. No logo, no text.","collage, grid, multiple images in one frame, contact sheet, variations sheet, six images, multiple products unless explicitly requested, flat vector, cartoon, illustration, infographic, app mockup, CGI render look, plastic toy, fake product, distorted geometry, wrong proportions, extra objects, kitchen background, wooden table, marble surface, grey background, colored background, strong shadow, dirty surface, text overlay, watermark, blurry, low resolution, duplicated object, deformed circles, unreadable typography, misspelled logo"
23-arabica-beans-falling.webp,"Create exactly ONE image. Do not create a collage. Do not create a grid. Do not show multiple variations. One single product photograph only. Hyperrealistic premium studio product photography, seamless infinite pure white background, mobile app asset, exact size 1200 x 1600 pixels, vertical portrait format, WebP or optimized JPG output, sharp focus, soft diffused studio lighting, subtle realistic contact shadow, realistic materials, clean edges, no table, no kitchen, no lifestyle background, no hands unless explicitly requested, no watermark. Roasted arabica coffee beans falling gently in mid-air, isolated on white. Beans have curved S-shaped center creases, realistic frozen motion, no container, no hands, no logo, no text.","collage, grid, multiple images in one frame, contact sheet, variations sheet, six images, multiple products unless explicitly requested, flat vector, cartoon, illustration, infographic, app mockup, CGI render look, plastic toy, fake product, distorted geometry, wrong proportions, extra objects, kitchen background, wooden table, marble surface, grey background, colored background, strong shadow, dirty surface, text overlay, watermark, blurry, low resolution, duplicated object, deformed circles, unreadable typography, misspelled logo"
24-medium-ground-coffee-mound.webp,"Create exactly ONE image. Do not create a collage. Do not create a grid. Do not show multiple variations. One single product photograph only. Hyperrealistic premium studio product photography, seamless infinite pure white background, mobile app asset, exact size 1200 x 1600 pixels, vertical portrait format, WebP or optimized JPG output, sharp focus, soft diffused studio lighting, subtle realistic contact shadow, realistic materials, clean edges, no table, no kitchen, no lifestyle background, no hands unless explicitly requested, no watermark. Small clean mound of medium-ground specialty coffee, realistic granular texture, even medium grind suitable for pour-over brewing. No spoon, no logo, no text.","collage, grid, multiple images in one frame, contact sheet, variations sheet, six images, multiple products unless explicitly requested, flat vector, cartoon, illustration, infographic, app mockup, CGI render look, plastic toy, fake product, distorted geometry, wrong proportions, extra objects, kitchen background, wooden table, marble surface, grey background, colored background, strong shadow, dirty surface, text overlay, watermark, blurry, low resolution, duplicated object, deformed circles, unreadable typography, misspelled logo"
25-coffee-measuring-spoon-ground.webp,"Create exactly ONE image. Do not create a collage. Do not create a grid. Do not show multiple variations. One single product photograph only. Hyperrealistic premium studio product photography, seamless infinite pure white background, mobile app asset, exact size 1200 x 1600 pixels, vertical portrait format, WebP or optimized JPG output, sharp focus, soft diffused studio lighting, subtle realistic contact shadow, realistic materials, clean edges, no table, no kitchen, no lifestyle background, no hands unless explicitly requested, no watermark. Minimalist stainless steel coffee measuring spoon filled with medium-ground specialty coffee, realistic metal reflections, detailed coffee texture. No hands, no logo, no text.","collage, grid, multiple images in one frame, contact sheet, variations sheet, six images, multiple products unless explicitly requested, flat vector, cartoon, illustration, infographic, app mockup, CGI render look, plastic toy, fake product, distorted geometry, wrong proportions, extra objects, kitchen background, wooden table, marble surface, grey background, colored background, strong shadow, dirty surface, text overlay, watermark, blurry, low resolution, duplicated object, deformed circles, unreadable typography, misspelled logo"
26-coffee-bed-levelled-in-orea-logo.webp,"Create exactly ONE image. Do not create a collage. Do not create a grid. Do not show multiple variations. One single product photograph only. Hyperrealistic premium studio product photography, seamless infinite pure white background, mobile app asset, exact size 1200 x 1600 pixels, vertical portrait format, WebP or optimized JPG output, sharp focus, soft diffused studio lighting, subtle realistic contact shadow, realistic materials, clean edges, no table, no kitchen, no lifestyle background, no hands unless explicitly requested, no watermark. Top-down view of an even bed of medium-ground coffee inside a white paper filter placed in an Orea V4 Narrow style matte black dripper, clean flat surface, precise pour-over preparation style. Add a small white Zeri’s Coffee Roaster circular logo where visible on the black brewer front edge.","collage, grid, multiple images in one frame, contact sheet, variations sheet, six images, multiple products unless explicitly requested, flat vector, cartoon, illustration, infographic, app mockup, CGI render look, plastic toy, fake product, distorted geometry, wrong proportions, extra objects, kitchen background, wooden table, marble surface, grey background, colored background, strong shadow, dirty surface, text overlay, watermark, blurry, low resolution, duplicated object, deformed circles, unreadable typography, misspelled logo"
27-coffee-grind-macro.webp,"Create exactly ONE image. Do not create a collage. Do not create a grid. Do not show multiple variations. One single product photograph only. Hyperrealistic premium studio product photography, seamless infinite pure white background, mobile app asset, exact size 1200 x 1600 pixels, vertical portrait format, WebP or optimized JPG output, sharp focus, soft diffused studio lighting, subtle realistic contact shadow, realistic materials, clean edges, no table, no kitchen, no lifestyle background, no hands unless explicitly requested, no watermark. Macro texture of medium-ground specialty coffee particles, detailed granular texture, clean controlled composition, only coffee particles visible. No logo, no text.","collage, grid, multiple images in one frame, contact sheet, variations sheet, six images, multiple products unless explicitly requested, flat vector, cartoon, illustration, infographic, app mockup, CGI render look, plastic toy, fake product, distorted geometry, wrong proportions, extra objects, kitchen background, wooden table, marble surface, grey background, colored background, strong shadow, dirty surface, text overlay, watermark, blurry, low resolution, duplicated object, deformed circles, unreadable typography, misspelled logo"
28-gooseneck-kettle-isolated.webp,"Create exactly ONE image. Do not create a collage. Do not create a grid. Do not show multiple variations. One single product photograph only. Hyperrealistic premium studio product photography, seamless infinite pure white background, mobile app asset, exact size 1200 x 1600 pixels, vertical portrait format, WebP or optimized JPG output, sharp focus, soft diffused studio lighting, subtle realistic contact shadow, realistic materials, clean edges, no table, no kitchen, no lifestyle background, no hands unless explicitly requested, no watermark. Minimalist matte black gooseneck kettle for pour-over coffee, elegant curved spout, realistic metal texture, premium specialty coffee accessory. No brand logo, no text.","collage, grid, multiple images in one frame, contact sheet, variations sheet, six images, multiple products unless explicitly requested, flat vector, cartoon, illustration, infographic, app mockup, CGI render look, plastic toy, fake product, distorted geometry, wrong proportions, extra objects, kitchen background, wooden table, marble surface, grey background, colored background, strong shadow, dirty surface, text overlay, watermark, blurry, low resolution, duplicated object, deformed circles, unreadable typography, misspelled logo"
29-pour-over-water-stream.webp,"Create exactly ONE image. Do not create a collage. Do not create a grid. Do not show multiple variations. One single product photograph only. Hyperrealistic premium studio product photography, seamless infinite pure white background, mobile app asset, exact size 1200 x 1600 pixels, vertical portrait format, WebP or optimized JPG output, sharp focus, soft diffused studio lighting, subtle realistic contact shadow, realistic materials, clean edges, no table, no kitchen, no lifestyle background, no hands unless explicitly requested, no watermark. Thin controlled stream of clear water falling vertically, frozen motion, realistic transparency and highlights. No kettle visible, no hands, no logo, no text.","collage, grid, multiple images in one frame, contact sheet, variations sheet, six images, multiple products unless explicitly requested, flat vector, cartoon, illustration, infographic, app mockup, CGI render look, plastic toy, fake product, distorted geometry, wrong proportions, extra objects, kitchen background, wooden table, marble surface, grey background, colored background, strong shadow, dirty surface, text overlay, watermark, blurry, low resolution, duplicated object, deformed circles, unreadable typography, misspelled logo"
30-orea-v4-water-pour-logo.webp,"Create exactly ONE image. Do not create a collage. Do not create a grid. Do not show multiple variations. One single product photograph only. Hyperrealistic premium studio product photography, seamless infinite pure white background, mobile app asset, exact size 1200 x 1600 pixels, vertical portrait format, WebP or optimized JPG output, sharp focus, soft diffused studio lighting, subtle realistic contact shadow, realistic materials, clean edges, no table, no kitchen, no lifestyle background, no hands unless explicitly requested, no watermark. Thin stream of hot water pouring into a white paper filter inside an Orea V4 Narrow style matte black coffee dripper, with an even bed of ground coffee blooming slightly. The kettle is mostly out of frame, only the controlled water stream is visible. Add a small white Zeri’s Coffee Roaster circular logo as serigraphy on the black brewer surface where visible.","collage, grid, multiple images in one frame, contact sheet, variations sheet, six images, multiple products unless explicitly requested, flat vector, cartoon, illustration, infographic, app mockup, CGI render look, plastic toy, fake product, distorted geometry, wrong proportions, extra objects, kitchen background, wooden table, marble surface, grey background, colored background, strong shadow, dirty surface, text overlay, watermark, blurry, low resolution, duplicated object, deformed circles, unreadable typography, misspelled logo"
31-orea-v4-coffee-bloom-logo.webp,"Create exactly ONE image. Do not create a collage. Do not create a grid. Do not show multiple variations. One single product photograph only. Hyperrealistic premium studio product photography, seamless infinite pure white background, mobile app asset, exact size 1200 x 1600 pixels, vertical portrait format, WebP or optimized JPG output, sharp focus, soft diffused studio lighting, subtle realistic contact shadow, realistic materials, clean edges, no table, no kitchen, no lifestyle background, no hands unless explicitly requested, no watermark. Close product photo of a coffee bloom inside a white paper filter placed in an Orea V4 Narrow style matte black dripper, ground coffee slightly expanded and wet, small bubbles visible. Add a small white Zeri’s Coffee Roaster circular logo printed on the visible front of the brewer.","collage, grid, multiple images in one frame, contact sheet, variations sheet, six images, multiple products unless explicitly requested, flat vector, cartoon, illustration, infographic, app mockup, CGI render look, plastic toy, fake product, distorted geometry, wrong proportions, extra objects, kitchen background, wooden table, marble surface, grey background, colored background, strong shadow, dirty surface, text overlay, watermark, blurry, low resolution, duplicated object, deformed circles, unreadable typography, misspelled logo"
32-orea-v4-extraction-flow-logo.webp,"Create exactly ONE image. Do not create a collage. Do not create a grid. Do not show multiple variations. One single product photograph only. Hyperrealistic premium studio product photography, seamless infinite pure white background, mobile app asset, exact size 1200 x 1600 pixels, vertical portrait format, WebP or optimized JPG output, sharp focus, soft diffused studio lighting, subtle realistic contact shadow, realistic materials, clean edges, no table, no kitchen, no lifestyle background, no hands unless explicitly requested, no watermark. Orea V4 Narrow style matte black coffee dripper on a clear glass server, with a thin amber coffee extraction stream dripping into the server. Add a small white Zeri’s Coffee Roaster circular logo printed on the black brewer surface. Realistic transparent glass reflections.","collage, grid, multiple images in one frame, contact sheet, variations sheet, six images, multiple products unless explicitly requested, flat vector, cartoon, illustration, infographic, app mockup, CGI render look, plastic toy, fake product, distorted geometry, wrong proportions, extra objects, kitchen background, wooden table, marble surface, grey background, colored background, strong shadow, dirty surface, text overlay, watermark, blurry, low resolution, duplicated object, deformed circles, unreadable typography, misspelled logo"
33-water-pitcher-clear.webp,"Create exactly ONE image. Do not create a collage. Do not create a grid. Do not show multiple variations. One single product photograph only. Hyperrealistic premium studio product photography, seamless infinite pure white background, mobile app asset, exact size 1200 x 1600 pixels, vertical portrait format, WebP or optimized JPG output, sharp focus, soft diffused studio lighting, subtle realistic contact shadow, realistic materials, clean edges, no table, no kitchen, no lifestyle background, no hands unless explicitly requested, no watermark. Clear glass water pitcher with clean transparent water inside, realistic reflections and refractions, minimal specialty coffee brewing accessory. No markings, no numbers, no logo, no text.","collage, grid, multiple images in one frame, contact sheet, variations sheet, six images, multiple products unless explicitly requested, flat vector, cartoon, illustration, infographic, app mockup, CGI render look, plastic toy, fake product, distorted geometry, wrong proportions, extra objects, kitchen background, wooden table, marble surface, grey background, colored background, strong shadow, dirty surface, text overlay, watermark, blurry, low resolution, duplicated object, deformed circles, unreadable typography, misspelled logo"
34-coffee-glass-server-isolated.webp,"Create exactly ONE image. Do not create a collage. Do not create a grid. Do not show multiple variations. One single product photograph only. Hyperrealistic premium studio product photography, seamless infinite pure white background, mobile app asset, exact size 1200 x 1600 pixels, vertical portrait format, WebP or optimized JPG output, sharp focus, soft diffused studio lighting, subtle realistic contact shadow, realistic materials, clean edges, no table, no kitchen, no lifestyle background, no hands unless explicitly requested, no watermark. Clear glass coffee server for pour-over brewing, minimal rounded shape, small spout, realistic transparent glass reflections. No coffee inside, no logo, no text.","collage, grid, multiple images in one frame, contact sheet, variations sheet, six images, multiple products unless explicitly requested, flat vector, cartoon, illustration, infographic, app mockup, CGI render look, plastic toy, fake product, distorted geometry, wrong proportions, extra objects, kitchen background, wooden table, marble surface, grey background, colored background, strong shadow, dirty surface, text overlay, watermark, blurry, low resolution, duplicated object, deformed circles, unreadable typography, misspelled logo"
35-coffee-glass-server-brewed-coffee.webp,"Create exactly ONE image. Do not create a collage. Do not create a grid. Do not show multiple variations. One single product photograph only. Hyperrealistic premium studio product photography, seamless infinite pure white background, mobile app asset, exact size 1200 x 1600 pixels, vertical portrait format, WebP or optimized JPG output, sharp focus, soft diffused studio lighting, subtle realistic contact shadow, realistic materials, clean edges, no table, no kitchen, no lifestyle background, no hands unless explicitly requested, no watermark. Clear glass coffee server partially filled with amber brewed filter coffee, realistic coffee color, transparent glass reflections. No logo, no text.","collage, grid, multiple images in one frame, contact sheet, variations sheet, six images, multiple products unless explicitly requested, flat vector, cartoon, illustration, infographic, app mockup, CGI render look, plastic toy, fake product, distorted geometry, wrong proportions, extra objects, kitchen background, wooden table, marble surface, grey background, colored background, strong shadow, dirty surface, text overlay, watermark, blurry, low resolution, duplicated object, deformed circles, unreadable typography, misspelled logo"
36-coffee-scale-minimal-black.webp,"Create exactly ONE image. Do not create a collage. Do not create a grid. Do not show multiple variations. One single product photograph only. Hyperrealistic premium studio product photography, seamless infinite pure white background, mobile app asset, exact size 1200 x 1600 pixels, vertical portrait format, WebP or optimized JPG output, sharp focus, soft diffused studio lighting, subtle realistic contact shadow, realistic materials, clean edges, no table, no kitchen, no lifestyle background, no hands unless explicitly requested, no watermark. Minimalist matte black digital coffee scale, clean rectangular shape, display turned off or without readable numbers, premium specialty coffee accessory. No logo, no text.","collage, grid, multiple images in one frame, contact sheet, variations sheet, six images, multiple products unless explicitly requested, flat vector, cartoon, illustration, infographic, app mockup, CGI render look, plastic toy, fake product, distorted geometry, wrong proportions, extra objects, kitchen background, wooden table, marble surface, grey background, colored background, strong shadow, dirty surface, text overlay, watermark, blurry, low resolution, duplicated object, deformed circles, unreadable typography, misspelled logo"
37-coffee-scale-glass-server.webp,"Create exactly ONE image. Do not create a collage. Do not create a grid. Do not show multiple variations. One single product photograph only. Hyperrealistic premium studio product photography, seamless infinite pure white background, mobile app asset, exact size 1200 x 1600 pixels, vertical portrait format, WebP or optimized JPG output, sharp focus, soft diffused studio lighting, subtle realistic contact shadow, realistic materials, clean edges, no table, no kitchen, no lifestyle background, no hands unless explicitly requested, no watermark. Clear glass coffee server placed on a minimalist matte black coffee scale, display turned off or without readable numbers, realistic glass reflections. No logo, no text.","collage, grid, multiple images in one frame, contact sheet, variations sheet, six images, multiple products unless explicitly requested, flat vector, cartoon, illustration, infographic, app mockup, CGI render look, plastic toy, fake product, distorted geometry, wrong proportions, extra objects, kitchen background, wooden table, marble surface, grey background, colored background, strong shadow, dirty surface, text overlay, watermark, blurry, low resolution, duplicated object, deformed circles, unreadable typography, misspelled logo"
38-orea-v4-scale-server-logo.webp,"Create exactly ONE image. Do not create a collage. Do not create a grid. Do not show multiple variations. One single product photograph only. Hyperrealistic premium studio product photography, seamless infinite pure white background, mobile app asset, exact size 1200 x 1600 pixels, vertical portrait format, WebP or optimized JPG output, sharp focus, soft diffused studio lighting, subtle realistic contact shadow, realistic materials, clean edges, no table, no kitchen, no lifestyle background, no hands unless explicitly requested, no watermark. Orea V4 Narrow style matte black coffee dripper placed on a clear glass server, both sitting on a minimalist matte black digital coffee scale. Add a small white Zeri’s Coffee Roaster circular logo printed on the black brewer surface. No readable numbers on the scale.","collage, grid, multiple images in one frame, contact sheet, variations sheet, six images, multiple products unless explicitly requested, flat vector, cartoon, illustration, infographic, app mockup, CGI render look, plastic toy, fake product, distorted geometry, wrong proportions, extra objects, kitchen background, wooden table, marble surface, grey background, colored background, strong shadow, dirty surface, text overlay, watermark, blurry, low resolution, duplicated object, deformed circles, unreadable typography, misspelled logo"
39-manual-coffee-grinder-isolated.webp,"Create exactly ONE image. Do not create a collage. Do not create a grid. Do not show multiple variations. One single product photograph only. Hyperrealistic premium studio product photography, seamless infinite pure white background, mobile app asset, exact size 1200 x 1600 pixels, vertical portrait format, WebP or optimized JPG output, sharp focus, soft diffused studio lighting, subtle realistic contact shadow, realistic materials, clean edges, no table, no kitchen, no lifestyle background, no hands unless explicitly requested, no watermark. Minimalist manual coffee grinder, matte black cylindrical body, stainless steel crank handle, realistic metal and matte textures. No brand logo, no text.","collage, grid, multiple images in one frame, contact sheet, variations sheet, six images, multiple products unless explicitly requested, flat vector, cartoon, illustration, infographic, app mockup, CGI render look, plastic toy, fake product, distorted geometry, wrong proportions, extra objects, kitchen background, wooden table, marble surface, grey background, colored background, strong shadow, dirty surface, text overlay, watermark, blurry, low resolution, duplicated object, deformed circles, unreadable typography, misspelled logo"
40-electric-coffee-grinder-isolated.webp,"Create exactly ONE image. Do not create a collage. Do not create a grid. Do not show multiple variations. One single product photograph only. Hyperrealistic premium studio product photography, seamless infinite pure white background, mobile app asset, exact size 1200 x 1600 pixels, vertical portrait format, WebP or optimized JPG output, sharp focus, soft diffused studio lighting, subtle realistic contact shadow, realistic materials, clean edges, no table, no kitchen, no lifestyle background, no hands unless explicitly requested, no watermark. Compact minimalist electric coffee grinder, matte black body, clean hopper shape, specialty coffee equipment aesthetic. No brand logo, no text.","collage, grid, multiple images in one frame, contact sheet, variations sheet, six images, multiple products unless explicitly requested, flat vector, cartoon, illustration, infographic, app mockup, CGI render look, plastic toy, fake product, distorted geometry, wrong proportions, extra objects, kitchen background, wooden table, marble surface, grey background, colored background, strong shadow, dirty surface, text overlay, watermark, blurry, low resolution, duplicated object, deformed circles, unreadable typography, misspelled logo"
41-coffee-dose-spoon-isolated.webp,"Create exactly ONE image. Do not create a collage. Do not create a grid. Do not show multiple variations. One single product photograph only. Hyperrealistic premium studio product photography, seamless infinite pure white background, mobile app asset, exact size 1200 x 1600 pixels, vertical portrait format, WebP or optimized JPG output, sharp focus, soft diffused studio lighting, subtle realistic contact shadow, realistic materials, clean edges, no table, no kitchen, no lifestyle background, no hands unless explicitly requested, no watermark. Minimalist stainless steel coffee dosing spoon, empty, realistic metal reflections, clean premium accessory. No logo, no text.","collage, grid, multiple images in one frame, contact sheet, variations sheet, six images, multiple products unless explicitly requested, flat vector, cartoon, illustration, infographic, app mockup, CGI render look, plastic toy, fake product, distorted geometry, wrong proportions, extra objects, kitchen background, wooden table, marble surface, grey background, colored background, strong shadow, dirty surface, text overlay, watermark, blurry, low resolution, duplicated object, deformed circles, unreadable typography, misspelled logo"
42-coffee-wdt-tool-isolated.webp,"Create exactly ONE image. Do not create a collage. Do not create a grid. Do not show multiple variations. One single product photograph only. Hyperrealistic premium studio product photography, seamless infinite pure white background, mobile app asset, exact size 1200 x 1600 pixels, vertical portrait format, WebP or optimized JPG output, sharp focus, soft diffused studio lighting, subtle realistic contact shadow, realistic materials, clean edges, no table, no kitchen, no lifestyle background, no hands unless explicitly requested, no watermark. Minimalist coffee WDT distribution tool with fine metal needles and a matte black handle, sharp detail, clean specialty coffee accessory. No logo, no text.","collage, grid, multiple images in one frame, contact sheet, variations sheet, six images, multiple products unless explicitly requested, flat vector, cartoon, illustration, infographic, app mockup, CGI render look, plastic toy, fake product, distorted geometry, wrong proportions, extra objects, kitchen background, wooden table, marble surface, grey background, colored background, strong shadow, dirty surface, text overlay, watermark, blurry, low resolution, duplicated object, deformed circles, unreadable typography, misspelled logo"
43-coffee-rdt-spray-bottle.webp,"Create exactly ONE image. Do not create a collage. Do not create a grid. Do not show multiple variations. One single product photograph only. Hyperrealistic premium studio product photography, seamless infinite pure white background, mobile app asset, exact size 1200 x 1600 pixels, vertical portrait format, WebP or optimized JPG output, sharp focus, soft diffused studio lighting, subtle realistic contact shadow, realistic materials, clean edges, no table, no kitchen, no lifestyle background, no hands unless explicitly requested, no watermark. Small minimalist water spray bottle for coffee RDT technique, translucent or matte clear body, black sprayer, premium clean coffee accessory. No label, no logo, no text.","collage, grid, multiple images in one frame, contact sheet, variations sheet, six images, multiple products unless explicitly requested, flat vector, cartoon, illustration, infographic, app mockup, CGI render look, plastic toy, fake product, distorted geometry, wrong proportions, extra objects, kitchen background, wooden table, marble surface, grey background, colored background, strong shadow, dirty surface, text overlay, watermark, blurry, low resolution, duplicated object, deformed circles, unreadable typography, misspelled logo"
44-orea-v4-complete-kit-logo.webp,"Create exactly ONE image. Do not create a collage. Do not create a grid. Do not show multiple variations. One single product photograph only. Hyperrealistic premium studio product photography, seamless infinite pure white background, mobile app asset, exact size 1200 x 1600 pixels, vertical portrait format, WebP or optimized JPG output, sharp focus, soft diffused studio lighting, subtle realistic contact shadow, realistic materials, clean edges, no table, no kitchen, no lifestyle background, no hands unless explicitly requested, no watermark. Complete minimalist Orea V4 Narrow style pour-over coffee kit arranged neatly as one clean product scene: matte black narrow dripper with white Zeri’s Coffee Roaster circular logo printed on the front, white paper filters, clear glass server, matte black coffee scale, gooseneck kettle, small pile of arabica coffee beans with S-shaped creases. Generous spacing, one product composition, not a collage.","collage, grid, multiple images in one frame, contact sheet, variations sheet, six images, multiple products unless explicitly requested, flat vector, cartoon, illustration, infographic, app mockup, CGI render look, plastic toy, fake product, distorted geometry, wrong proportions, extra objects, kitchen background, wooden table, marble surface, grey background, colored background, strong shadow, dirty surface, text overlay, watermark, blurry, low resolution, duplicated object, deformed circles, unreadable typography, misspelled logo"
45-orea-v4-method-components-logo.webp,"Create exactly ONE image. Do not create a collage. Do not create a grid. Do not show multiple variations. One single product photograph only. Hyperrealistic premium studio product photography, seamless infinite pure white background, mobile app asset, exact size 1200 x 1600 pixels, vertical portrait format, WebP or optimized JPG output, sharp focus, soft diffused studio lighting, subtle realistic contact shadow, realistic materials, clean edges, no table, no kitchen, no lifestyle background, no hands unless explicitly requested, no watermark. Complete pour-over setup arranged as separated components in one clean scene: matte black Orea V4 Narrow style dripper with white Zeri’s Coffee Roaster circular logo, interchangeable bottom bases, stainless steel support base, white paper filters, coffee beans, medium-ground coffee, glass server, and coffee scale. Technical organized layout, one product composition, not a collage.","collage, grid, multiple images in one frame, contact sheet, variations sheet, six images, multiple products unless explicitly requested, flat vector, cartoon, illustration, infographic, app mockup, CGI render look, plastic toy, fake product, distorted geometry, wrong proportions, extra objects, kitchen background, wooden table, marble surface, grey background, colored background, strong shadow, dirty surface, text overlay, watermark, blurry, low resolution, duplicated object, deformed circles, unreadable typography, misspelled logo"
46-orea-v4-filters-beans-logo.webp,"Create exactly ONE image. Do not create a collage. Do not create a grid. Do not show multiple variations. One single product photograph only. Hyperrealistic premium studio product photography, seamless infinite pure white background, mobile app asset, exact size 1200 x 1600 pixels, vertical portrait format, WebP or optimized JPG output, sharp focus, soft diffused studio lighting, subtle realistic contact shadow, realistic materials, clean edges, no table, no kitchen, no lifestyle background, no hands unless explicitly requested, no watermark. Orea V4 Narrow style matte black coffee dripper with a white Zeri’s Coffee Roaster circular logo printed on the front, a small stack of white wave paper filters, and roasted arabica coffee beans with curved S-shaped center creases, arranged cleanly with generous spacing. One product composition, not a collage.","collage, grid, multiple images in one frame, contact sheet, variations sheet, six images, multiple products unless explicitly requested, flat vector, cartoon, illustration, infographic, app mockup, CGI render look, plastic toy, fake product, distorted geometry, wrong proportions, extra objects, kitchen background, wooden table, marble surface, grey background, colored background, strong shadow, dirty surface, text overlay, watermark, blurry, low resolution, duplicated object, deformed circles, unreadable typography, misspelled logo"
47-orea-v4-kettle-server-logo.webp,"Create exactly ONE image. Do not create a collage. Do not create a grid. Do not show multiple variations. One single product photograph only. Hyperrealistic premium studio product photography, seamless infinite pure white background, mobile app asset, exact size 1200 x 1600 pixels, vertical portrait format, WebP or optimized JPG output, sharp focus, soft diffused studio lighting, subtle realistic contact shadow, realistic materials, clean edges, no table, no kitchen, no lifestyle background, no hands unless explicitly requested, no watermark. Matte black Orea V4 Narrow style coffee dripper with white Zeri’s Coffee Roaster circular logo printed on the front, minimalist matte black gooseneck kettle, and clear glass coffee server arranged as a clean brewing set. One product composition, not a collage.","collage, grid, multiple images in one frame, contact sheet, variations sheet, six images, multiple products unless explicitly requested, flat vector, cartoon, illustration, infographic, app mockup, CGI render look, plastic toy, fake product, distorted geometry, wrong proportions, extra objects, kitchen background, wooden table, marble surface, grey background, colored background, strong shadow, dirty surface, text overlay, watermark, blurry, low resolution, duplicated object, deformed circles, unreadable typography, misspelled logo"
48-orea-v4-brewing-action-logo.webp,"Create exactly ONE image. Do not create a collage. Do not create a grid. Do not show multiple variations. One single product photograph only. Hyperrealistic premium studio product photography, seamless infinite pure white background, mobile app asset, exact size 1200 x 1600 pixels, vertical portrait format, WebP or optimized JPG output, sharp focus, soft diffused studio lighting, subtle realistic contact shadow, realistic materials, clean edges, no table, no kitchen, no lifestyle background, no hands unless explicitly requested, no watermark. Orea V4 Narrow style matte black dripper with white Zeri’s Coffee Roaster circular logo printed on the front, placed on a clear glass server, with a thin controlled stream of water entering the coffee bed and amber coffee dripping into the server. One brewing product scene only, not a collage.","collage, grid, multiple images in one frame, contact sheet, variations sheet, six images, multiple products unless explicitly requested, flat vector, cartoon, illustration, infographic, app mockup, CGI render look, plastic toy, fake product, distorted geometry, wrong proportions, extra objects, kitchen background, wooden table, marble surface, grey background, colored background, strong shadow, dirty surface, text overlay, watermark, blurry, low resolution, duplicated object, deformed circles, unreadable typography, misspelled logo"
49-orea-v4-floating-elements-logo.webp,"Create exactly ONE image. Do not create a collage. Do not create a grid. Do not show multiple variations. One single product photograph only. Hyperrealistic premium studio product photography, seamless infinite pure white background, mobile app asset, exact size 1200 x 1600 pixels, vertical portrait format, WebP or optimized JPG output, sharp focus, soft diffused studio lighting, subtle realistic contact shadow, realistic materials, clean edges, no table, no kitchen, no lifestyle background, no hands unless explicitly requested, no watermark. Orea V4 Narrow style matte black coffee dripper centered, with white Zeri’s Coffee Roaster circular logo printed on the front, surrounded by a few floating brewing elements: white paper filters, arabica coffee beans with S-shaped creases, medium-ground coffee particles, small water droplets, stainless steel spoon, and modular black bases. Balanced spacing, one premium product composition, not a collage.","collage, grid, multiple images in one frame, contact sheet, variations sheet, six images, multiple products unless explicitly requested, flat vector, cartoon, illustration, infographic, app mockup, CGI render look, plastic toy, fake product, distorted geometry, wrong proportions, extra objects, kitchen background, wooden table, marble surface, grey background, colored background, strong shadow, dirty surface, text overlay, watermark, blurry, low resolution, duplicated object, deformed circles, unreadable typography, misspelled logo"
50-orea-v4-diagonal-composition-logo.webp,"Create exactly ONE image. Do not create a collage. Do not create a grid. Do not show multiple variations. One single product photograph only. Hyperrealistic premium studio product photography, seamless infinite pure white background, mobile app asset, exact size 1200 x 1600 pixels, vertical portrait format, WebP or optimized JPG output, sharp focus, soft diffused studio lighting, subtle realistic contact shadow, realistic materials, clean edges, no table, no kitchen, no lifestyle background, no hands unless explicitly requested, no watermark. Diagonal arrangement of specialty coffee brewing tools: Orea V4 Narrow style matte black dripper with white Zeri’s Coffee Roaster circular logo printed on the front, white paper filters, glass server, black digital scale, gooseneck kettle, coffee beans and ground coffee. Elegant minimal layout, one product composition, not a collage.","collage, grid, multiple images in one frame, contact sheet, variations sheet, six images, multiple products unless explicitly requested, flat vector, cartoon, illustration, infographic, app mockup, CGI render look, plastic toy, fake product, distorted geometry, wrong proportions, extra objects, kitchen background, wooden table, marble surface, grey background, colored background, strong shadow, dirty surface, text overlay, watermark, blurry, low resolution, duplicated object, deformed circles, unreadable typography, misspelled logo"
51-orea-v4-recipe-layout-logo.webp,"Create exactly ONE image. Do not create a collage. Do not create a grid. Do not show multiple variations. One single product photograph only. Hyperrealistic premium studio product photography, seamless infinite pure white background, mobile app asset, exact size 1200 x 1600 pixels, vertical portrait format, WebP or optimized JPG output, sharp focus, soft diffused studio lighting, subtle realistic contact shadow, realistic materials, clean edges, no table, no kitchen, no lifestyle background, no hands unless explicitly requested, no watermark. Visual ingredients of a pour-over coffee recipe: Orea V4 Narrow style matte black brewer with white Zeri’s Coffee Roaster circular logo printed on the front, white paper filter, small clean mound of medium-ground coffee, clear water pitcher, glass server, and black scale. No readable numbers or text. One clean app-friendly layout, not a collage.","collage, grid, multiple images in one frame, contact sheet, variations sheet, six images, multiple products unless explicitly requested, flat vector, cartoon, illustration, infographic, app mockup, CGI render look, plastic toy, fake product, distorted geometry, wrong proportions, extra objects, kitchen background, wooden table, marble surface, grey background, colored background, strong shadow, dirty surface, text overlay, watermark, blurry, low resolution, duplicated object, deformed circles, unreadable typography, misspelled logo"
52-orea-v4-onboarding-set-logo.webp,"Create exactly ONE image. Do not create a collage. Do not create a grid. Do not show multiple variations. One single product photograph only. Hyperrealistic premium studio product photography, seamless infinite pure white background, mobile app asset, exact size 1200 x 1600 pixels, vertical portrait format, WebP or optimized JPG output, sharp focus, soft diffused studio lighting, subtle realistic contact shadow, realistic materials, clean edges, no table, no kitchen, no lifestyle background, no hands unless explicitly requested, no watermark. Clean minimalist pour-over coffee onboarding set: matte black narrow Orea V4 style coffee dripper with white Zeri’s Coffee Roaster circular logo printed on the front, white paper filter, small pile of arabica coffee beans, glass server and black coffee scale. Generous white space, one product composition, not a collage.","collage, grid, multiple images in one frame, contact sheet, variations sheet, six images, multiple products unless explicitly requested, flat vector, cartoon, illustration, infographic, app mockup, CGI render look, plastic toy, fake product, distorted geometry, wrong proportions, extra objects, kitchen background, wooden table, marble surface, grey background, colored background, strong shadow, dirty surface, text overlay, watermark, blurry, low resolution, duplicated object, deformed circles, unreadable typography, misspelled logo"
53-orea-filter-paper-texture-macro.webp,"Create exactly ONE image. Do not create a collage. Do not create a grid. Do not show multiple variations. One single product photograph only. Hyperrealistic premium studio product photography, seamless infinite pure white background, mobile app asset, exact size 1200 x 1600 pixels, vertical portrait format, WebP or optimized JPG output, sharp focus, soft diffused studio lighting, subtle realistic contact shadow, realistic materials, clean edges, no table, no kitchen, no lifestyle background, no hands unless explicitly requested, no watermark. Macro detail of clean white coffee paper filter texture inside a narrow black pour-over brewer, delicate paper fibers visible, premium technical coffee aesthetic. No logo visible, no text.","collage, grid, multiple images in one frame, contact sheet, variations sheet, six images, multiple products unless explicitly requested, flat vector, cartoon, illustration, infographic, app mockup, CGI render look, plastic toy, fake product, distorted geometry, wrong proportions, extra objects, kitchen background, wooden table, marble surface, grey background, colored background, strong shadow, dirty surface, text overlay, watermark, blurry, low resolution, duplicated object, deformed circles, unreadable typography, misspelled logo"
54-coffee-bloom-macro.webp,"Create exactly ONE image. Do not create a collage. Do not create a grid. Do not show multiple variations. One single product photograph only. Hyperrealistic premium studio product photography, seamless infinite pure white background, mobile app asset, exact size 1200 x 1600 pixels, vertical portrait format, WebP or optimized JPG output, sharp focus, soft diffused studio lighting, subtle realistic contact shadow, realistic materials, clean edges, no table, no kitchen, no lifestyle background, no hands unless explicitly requested, no watermark. Macro detail of wet blooming medium-ground coffee inside a white paper filter, small bubbles and realistic texture visible, clean premium technical coffee image. No logo, no text.","collage, grid, multiple images in one frame, contact sheet, variations sheet, six images, multiple products unless explicitly requested, flat vector, cartoon, illustration, infographic, app mockup, CGI render look, plastic toy, fake product, distorted geometry, wrong proportions, extra objects, kitchen background, wooden table, marble surface, grey background, colored background, strong shadow, dirty surface, text overlay, watermark, blurry, low resolution, duplicated object, deformed circles, unreadable typography, misspelled logo"
55-water-droplets-white-bg.webp,"Create exactly ONE image. Do not create a collage. Do not create a grid. Do not show multiple variations. One single product photograph only. Hyperrealistic premium studio product photography, seamless infinite pure white background, mobile app asset, exact size 1200 x 1600 pixels, vertical portrait format, WebP or optimized JPG output, sharp focus, soft diffused studio lighting, subtle realistic contact shadow, realistic materials, clean edges, no table, no kitchen, no lifestyle background, no hands unless explicitly requested, no watermark. Clear water droplets suspended in motion, realistic transparency, crisp highlights, premium clean technical coffee brewing aesthetic. No hands, no tools, no logo, no text.","collage, grid, multiple images in one frame, contact sheet, variations sheet, six images, multiple products unless explicitly requested, flat vector, cartoon, illustration, infographic, app mockup, CGI render look, plastic toy, fake product, distorted geometry, wrong proportions, extra objects, kitchen background, wooden table, marble surface, grey background, colored background, strong shadow, dirty surface, text overlay, watermark, blurry, low resolution, duplicated object, deformed circles, unreadable typography, misspelled logo"
56-arabica-bean-macro.webp,"Create exactly ONE image. Do not create a collage. Do not create a grid. Do not show multiple variations. One single product photograph only. Hyperrealistic premium studio product photography, seamless infinite pure white background, mobile app asset, exact size 1200 x 1600 pixels, vertical portrait format, WebP or optimized JPG output, sharp focus, soft diffused studio lighting, subtle realistic contact shadow, realistic materials, clean edges, no table, no kitchen, no lifestyle background, no hands unless explicitly requested, no watermark. Single roasted arabica coffee bean isolated on white. The bean must have an oval shape and a curved S-shaped center crease, not a straight cut. Detailed roasted texture, realistic brown tones. No logo, no text.","collage, grid, multiple images in one frame, contact sheet, variations sheet, six images, multiple products unless explicitly requested, flat vector, cartoon, illustration, infographic, app mockup, CGI render look, plastic toy, fake product, distorted geometry, wrong proportions, extra objects, kitchen background, wooden table, marble surface, grey background, colored background, strong shadow, dirty surface, text overlay, watermark, blurry, low resolution, duplicated object, deformed circles, unreadable typography, misspelled logo"
57-medium-grind-texture-macro.webp,"Create exactly ONE image. Do not create a collage. Do not create a grid. Do not show multiple variations. One single product photograph only. Hyperrealistic premium studio product photography, seamless infinite pure white background, mobile app asset, exact size 1200 x 1600 pixels, vertical portrait format, WebP or optimized JPG output, sharp focus, soft diffused studio lighting, subtle realistic contact shadow, realistic materials, clean edges, no table, no kitchen, no lifestyle background, no hands unless explicitly requested, no watermark. Macro texture of medium-ground specialty coffee particles suitable for pour-over brewing, detailed granular texture, natural brown tones, clean technical image. No hands, no spoon, no logo, no text.","collage, grid, multiple images in one frame, contact sheet, variations sheet, six images, multiple products unless explicitly requested, flat vector, cartoon, illustration, infographic, app mockup, CGI render look, plastic toy, fake product, distorted geometry, wrong proportions, extra objects, kitchen background, wooden table, marble surface, grey background, colored background, strong shadow, dirty surface, text overlay, watermark, blurry, low resolution, duplicated object, deformed circles, unreadable typography, misspelled logo"
58-filter-coffee-drip-macro.webp,"Create exactly ONE image. Do not create a collage. Do not create a grid. Do not show multiple variations. One single product photograph only. Hyperrealistic premium studio product photography, seamless infinite pure white background, mobile app asset, exact size 1200 x 1600 pixels, vertical portrait format, WebP or optimized JPG output, sharp focus, soft diffused studio lighting, subtle realistic contact shadow, realistic materials, clean edges, no table, no kitchen, no lifestyle background, no hands unless explicitly requested, no watermark. Thin amber filter coffee drip falling from the bottom of a black pour-over brewer, realistic liquid texture, crisp highlights, premium technical coffee aesthetic. No logo, no text.","collage, grid, multiple images in one frame, contact sheet, variations sheet, six images, multiple products unless explicitly requested, flat vector, cartoon, illustration, infographic, app mockup, CGI render look, plastic toy, fake product, distorted geometry, wrong proportions, extra objects, kitchen background, wooden table, marble surface, grey background, colored background, strong shadow, dirty surface, text overlay, watermark, blurry, low resolution, duplicated object, deformed circles, unreadable typography, misspelled logo"
